naics,Company,Dollars Raised (mil),NAICS 3 Digits,AIIE
21.0,1,4200.0,,
32.0,24,611.0,,
33.0,124,2397.873469387755,,
42.0,4,342.0,,
44.0,1,52.0,,
45.0,36,644.3142857142857,,
48.0,1,118.0,,
51.0,17,982.6470588235294,,
52.0,27,1650.1363636363637,,
53.0,13,38071.46153846154,,
54.0,252,1043.9723684210526,,
56.0,42,5600.95,,
62.0,4,439.0,,
71.0,1,719.0,,
72.0,3,678.6666666666666,,
