naics,Company,Dollars Raised (mil),NAICS 3 Digits,AIIE
2.0,1,4200.0,,
3.0,148,2058.2198347107437,,
4.0,42,587.5365853658536,,
5.0,351,3156.2521874999998,,
6.0,4,439.0,,
7.0,4,688.75,,
